timestamp,request,response-header,scheme,port,path,body-sha256,header-sha256,a,cnames,url,input,location,title,error,webserver,response-body,content-type,method,host,content-length,chain-status-codes,status-code,tls-grab,csp,vhost,websocket,pipeline,http2,cdn,response-time,technologies,chain,final-url,failed,favicon-mmh3,lines,words
2022-02-24 17:45:25.291811 +0800 CST m=+1.210207120,,,https,443,/,d66373c1a1556f706ad83e2c7673ea4d506d8ee4c87dc8fded54fc7956236375,5d5022dde11493dc050fe272c417adfece15e2ad486f0bde03680f94b8a04362,[101.89.49.159],[],https://test1.guyu.qq.com:443,test1.guyu.qq.com,,403 Forbidden,,openresty/1.16.1.1,,text/html,GET,101.89.49.159,561,[],403,<nil>,<nil>,false,false,false,false,false,97.204975ms,[Nginx OpenResty],[],,false,,14,69
2022-02-24 17:45:25.4166 +0800 CST m=+1.334996582,,,https,443,/,31a51557b35d8c2037c95b7037fc4752fcf9bfc42a37a4fc3d76ba664a8ae035,9354b630ce28373db8e00f6f7d362ec4c8de5cb4a14487f5a8f2bf9908aad7db,[175.24.218.237],[],https://bee.qq.com:443,bee.qq.com,,Layer 1,,secnginx/1.14.1,,text/html,GET,175.24.218.237,2393,[],406,<nil>,<nil>,false,false,false,false,false,68.967836ms,[Nginx PHP],[],,false,,28,118
2022-02-24 17:45:25.497734 +0800 CST m=+1.416130790,,,https,443,/,80d32e2c3b6e0d53d17d9313a35912ae4b28f147c999dc4199f905e7684b9e85,3d82df4f96fce01f101fd0da6421d103ebfc82f72d8c4f37846eddeb8d3459e7,[119.147.4.118],[],https://tdump.gamesafe.qq.com:443,tdump.gamesafe.qq.com,,业务安全——客户端质量平台,,nginx/1.10.3,,text/html,GET,119.147.4.118,1050,[],200,<nil>,<nil>,false,false,false,false,false,153.236668ms,[Nginx],[],,false,,22,79
2022-02-24 17:45:25.505439 +0800 CST m=+1.423835704,,,https,443,/,260b0f2d1f67fb13e7b0075036d6ba0ee362b230fd74ea9ec9906a788c55de3e,e8603f0b42d5cef60a4400d6b787235385b0cf6f275e48143fa9335f500b4237,[58.216.96.32 58.216.96.14 58.216.96.15 58.216.96.38],[speed.qq.com.cloud.tc.qq.com speed.qq.com.x2v6.sched.dcloudstc.com],https://speed.qq.com:443,speed.qq.com,,QQ飞车官网 QQ飞车官方网站-腾讯游戏-竞速网游王者 突破300万同时在线,,nginx,,text/html,GET,58.216.96.32,24472,[],200,<nil>,<nil>,false,false,false,false,false,110.670432ms,[Nginx],[],,false,,1018,1263
2022-02-24 17:45:25.7485 +0800 CST m=+1.666896812,,,https,443,/,3f3138bd7604fe768b926d2c9be0c7286b7de69f92775f4206168d2860e037b7,0437a3edc7482a715d12015190502463b5fa31ab9d1b0c3beb7b263a6c1bfb03,[61.129.7.18],[],https://court.gamesafe.qq.com:443,court.gamesafe.qq.com,,,,nginx,,text/html,GET,61.129.7.18,15,[],200,<nil>,<nil>,false,false,false,false,false,85.35861ms,[Nginx],[],,false,,1,1
2022-02-24 17:45:25.793175 +0800 CST m=+1.711571736,,,https,443,/,e3b0c44298fc1c149afbf4c8996fb92427ae41e4649b934ca495991b7852b855,ec6a8b0792234f7f9b6f6cd27a026550f050fee5f49947eee29c8c80e841c29f,[101.227.162.80],[gamebbs.qq.com newgamebbs.qq.com],https://hxsj.gamebbs.qq.com:443,hxsj.gamebbs.qq.com,forum.php,,,Apache,,text/html,GET,101.227.162.80,0,[],301,<nil>,<nil>,false,false,false,false,false,66.25812ms,[Apache PHP],[],,false,,1,1
2022-02-24 17:45:25.793182 +0800 CST m=+1.711579452,,,https,443,/,e3b0c44298fc1c149afbf4c8996fb92427ae41e4649b934ca495991b7852b855,daf54b047ebf9ac30e5f45af4d54ead8328a29a0c9da1a26b1bf949cc5284c0d,[180.153.99.225 180.153.99.253 180.153.99.238 180.153.99.233 180.153.99.59 180.153.99.62],[imtt.dd.tc.qq.com imtt.dd.qq.com.tcdn.qq.com imttdd.legodlied1-dk.sched.dcloudstc.com],https://imtt.dd.qq.com:443,imtt.dd.qq.com,https://012e061b1e5b97aa587f548eca16d641.rdt.tfogc.com:49156/imtt.dd.qq.com/?mkey=621775409163bf41e4a23ffc8c5240d1&arrive_key=124932998416&cip=101.93.221.168&proto=https,,,BEIDOU_REDIRECT,,text/html,GET,180.153.99.225,0,[],302,<nil>,<nil>,false,false,false,false,false,127.823591ms,[],[],,false,,1,1
2022-02-24 17:45:25.836126 +0800 CST m=+1.754523052,,,https,443,/,fb47468a2cd3953c7131431991afcc6a2703f14640520102eea0a685a7e8d6de,a9370013a89c345717b6efb8e6181f935317bf99f15615f211dae63865e37be5,[101.226.211.141],[],https://ti.qq.com:443,ti.qq.com,,Welcome to nginx!,,nginx/1.21.6,,text/html,GET,101.226.211.141,615,[],200,<nil>,<nil>,false,false,false,false,false,164.381581ms,[Nginx],[],,false,,24,55
2022-02-24 17:45:25.850034 +0800 CST m=+1.768430977,,,https,443,/,b1e5fc0c284e4b731279af7c700e87572a938d50cd905cb9c2d45ddbc7ba124d,e9f611cc1c8f6103576d0bed6002b457ea350b61dcd963efe6c9eb11e73210ce,[119.147.4.106],[],https://dump.gamesafe.qq.com:443,dump.gamesafe.qq.com,,404 Not Found,,nginx/1.10.3,,text/html,GET,119.147.4.106,571,[],404,<nil>,<nil>,false,false,false,false,false,185.399113ms,[Nginx],[],,false,,14,72
2022-02-24 17:45:25.885855 +0800 CST m=+1.804252308,,,https,443,/,3bf92c745f35c05923a6301571219d556c75bdf9f80b9a8d3c4166894e9a546a,6e5e64116f4fc60f46566d4dc0a029a86361b2c29b337eb9bda611453662ad58,[119.147.4.118],[],https://developers.huiwan.qq.com:443,developers.huiwan.qq.com,,会玩 开发者平台,,nginx/1.10.3,,text/html,GET,119.147.4.118,9261,[],200,<nil>,<nil>,false,false,false,false,false,204.855599ms,[Nginx animate.css],[],,false,,223,1765
2022-02-24 17:45:25.903226 +0800 CST m=+1.821623264,,,https,443,/,e3b0c44298fc1c149afbf4c8996fb92427ae41e4649b934ca495991b7852b855,a3d24d6fe1a7a6aa27ea8f0cc1b3c02c409eeb580f1f70b14c33b9407b9eaa78,[101.89.38.41],[],https://2837524418.qzone.qq.com:443,2837524418.qzone.qq.com,http://i.qq.com?s_url=http%3A%2F%2F2837524418.qzone.qq.com%2F,,,QZHTTP-2.38.18,,text/html,GET,101.89.38.41,0,[],302,<nil>,&{[https://*.qpic.cn https://*.soso.com http://*.qq.com:8080 https://*.qzone.com http://*.qpic.cn https://*.weiyun.com https://*.gtimg.com https://*.res.meizu.com https://h5.qzone.qq.com/csp/report?type=header&enable=1 https://*.tenpay.com https://*.qq.com:8080 http://*.tenpay.com http://*.weiyun.com http://*.gtimg.com https://*.idqqimg.com http://*.qzone.com https://www.darryring.com http://*.qlogo.cn http://*.gtimg.cn http://*.qq.com http://*.idqqimg.com http://*.soso.com https://*.gtimg.cn https://*.qlogo.cn https://*.myqcloud.com https://*.qq.com http://*.myqcloud.com]},false,false,false,false,false,174.026792ms,[],[],,false,,1,1
2022-02-24 17:45:25.904507 +0800 CST m=+1.822904468,,,https,443,/,6640c51ecd2c4eb6c19c779df63efed77969da44c085c27f991ba8a40c60c914,e88ad0e6a7a09894dd467969354241c7a0858c9230a81a11c15081038668b3ea,[113.96.237.174],[],https://voc.qq.com:443,voc.qq.com,,404 Not Found,,nginx/1.12.2,,text/html,GET,113.96.237.174,169,[],404,<nil>,<nil>,false,false,false,false,false,167.617032ms,[Nginx],[],,false,,8,6
2022-02-24 17:45:25.980216 +0800 CST m=+1.898613584,,,https,443,/,56fda1a6f425830ee33dc4e51cb781f99b04d5a8e520d783f5cf856d5f2704ee,61f481a53f9848d8947ec6e55500a7f9b849654fb6c7b975e09e67f6ce8261c0,[183.3.226.15],[],https://office.qq.com:443,office.qq.com,,TIM,,openresty/1.16.1.1,,text/html,GET,183.3.226.15,18326,[],200,<nil>,<nil>,false,false,false,false,false,239.969207ms,[Nginx OpenResty],[],,false,,420,5335
2022-02-24 17:45:26.01367 +0800 CST m=+1.932067810,,,https,443,/,d6d89563d74803a4b5c74f8d55476c25cb4e869f86b768fea475565b8a6a7246,14b16f5764618f7a5b111c41ebf3ba56650fd4971cc63b845b3c9c53233a1370,[49.7.176.34 49.7.176.52 49.7.177.50 49.7.176.60 49.7.21.42],[proxy.sogou.com],https://daohang.qq.com:443,daohang.qq.com,,上网导航 - 轻快上网 从这里开始,,nginx,,text/html,GET,49.7.176.34,169614,[],200,<nil>,<nil>,false,false,false,false,false,248.093356ms,[Nginx],[],,false,,80,5447
2022-02-24 17:45:26.260056 +0800 CST m=+2.178453807,,,https,443,/,aed7f35cfbbea5bad55916103b20df02f105dbb34233bec670f1e2b772acacdd,2f07c643809ac8b40f2ed64fada19cab2c580961aa5d39f86e050d07c6644dde,[101.89.49.159],[],https://test3.guyu.qq.com:443,test3.guyu.qq.com,http://test1.guyu.qq.com?ADTAG=h5.home.redirect,,,openresty/1.16.1.1,,text/html,GET,101.89.49.159,125,[],302,<nil>,<nil>,false,false,false,false,false,63.588797ms,[Nginx OpenResty],[],,false,,1,4
2022-02-24 17:45:26.309738 +0800 CST m=+2.228136692,,,https,443,/,4d780cb76e0f0e3853fb7221b2bf7231b734443b044294fd2a209a34f259d630,43eb4b40846111ef72be6c6aea4859c948ce656b57adda51b74ee5ba83fe7fbc,[58.216.96.14 114.106.160.91 58.216.96.38 58.216.96.32 58.216.96.15],[x2.tc.qq.com baoshi.qq.com.x2.sched.dcloudstc.com],https://tps.qq.com:443,tps.qq.com,,特工嘉宴-枪神纪官方网站-腾讯游戏,,nginx,,text/html,GET,58.216.96.14,18701,[],200,<nil>,<nil>,false,false,false,false,false,82.801533ms,[Nginx],[],,false,,325,684
2022-02-24 17:45:26.33766 +0800 CST m=+2.256058386,,,https,443,/,423c35fd55adf8ac09c342b02520c5fafd6b73c6b4942b6569d3620521571d8a,3db52bc0082f93b4b57d551a96b106de699483c152638804cc248851f3b46bdb,[183.47.101.187],[],https://test.mount.financeft.qq.com:443,test.mount.financeft.qq.com,,,,,,application/json,GET,183.47.101.187,39,[],401,<nil>,<nil>,false,false,false,false,false,155.650152ms,[],[],,false,,1,4
2022-02-24 17:45:26.347601 +0800 CST m=+2.265999830,,,https,443,/,14e1badf45cb2b3b0a8c04775efcacf889832097c8c9aa12b2d0a635317080d7,797716d868487f422ad54825b6e3af595e9779146cd5298b861b3d1bebe92d22,[119.147.4.118],[],https://tp.qq.com:443,tp.qq.com,,403 Forbidden,,nginx/1.10.3,,text/html,GET,119.147.4.118,571,[],403,<nil>,<nil>,false,false,false,false,false,150.437199ms,[Nginx],[],,false,,14,70
2022-02-24 17:45:26.347612 +0800 CST m=+2.266010713,,,https,443,/,00d037a41ac4b8e639bd7c867639964ea1d17e964a04739994d9d71f2310315e,aa2997c2feb22fa37fda218369ea3ccf74754938583d9c021b73a3308c95e270,[183.3.235.81],[],https://img.finance.qq.com:443,img.finance.qq.com,,404 Not Found,,nginx/1.16.0,,text/html,GET,183.3.235.81,555,[],404,<nil>,<nil>,false,false,false,false,false,150.282753ms,[Nginx],[],,false,,14,71
2022-02-24 17:45:26.355352 +0800 CST m=+2.273750123,,,https,443,/,251dbd7ccf8101421f45c9156ad4cbaa1a655def286fcc80dd121624d116a5fc,685c0a73fd00c4a15458724e19d1db08a676452d9eb0af616086f58bcbafb996,[119.147.4.118],[],https://huiwan.qq.com:443,huiwan.qq.com,,会玩|探索游戏更多乐趣,,nginx/1.10.3,,text/html,GET,119.147.4.118,4350,[],200,<nil>,<nil>,false,false,false,false,false,150.738364ms,[Nginx animate.css],[],,false,,83,662
2022-02-24 17:45:26.386842 +0800 CST m=+2.305240179,,,https,443,/,0b52c5338af355699530a47683420e48c7344e779d3e815ff9943cbfdc153cf2,93de50aa873ccab3ee7c3288b1c277db504fcf051a90a4d6e8bf8f754b5ffdde,[118.191.216.57 119.28.109.132],[music.soso.com a.proxy.sogou.com],https://ting.qq.com:443,ting.qq.com,,404 Not Found,,nginx,,text/html,GET,118.191.216.57,564,[],404,<nil>,<nil>,false,false,false,false,false,172.259023ms,[Nginx],[],,false,,14,72
2022-02-24 17:45:26.504027 +0800 CST m=+2.422425264,,,https,443,/,dd672576791a290d7a3cbe62a36befb778bb3bfb112f9e676b616f6e8ce7173f,5aba9a00a48fd75c158f1536d4f25ecd18ff9d2adce8843654081fd540452548,[14.18.180.104],[],https://m.ke.qq.com:443,https://m.ke.qq.com,https://ke.qq.com,,,nginx,,text/html,GET,180.109.156.81,65,[],302,<nil>,<nil>,false,false,false,false,false,133.540909ms,[Nginx],[],,false,,1,4
2022-02-24 17:45:26.50921 +0800 CST m=+2.427609172,,,https,443,/,e3b0c44298fc1c149afbf4c8996fb92427ae41e4649b934ca495991b7852b855,51cec2890a7518bedcb6b1f4a614c7d673ab0e2027f14445d04751292ca860f9,[101.227.162.80],[newgamebbs.qq.com],https://wuxia.gamebbs.qq.com:443,https://wuxia.gamebbs.qq.com,forum.php,,,Apache,,text/html,GET,101.227.162.80,0,[],301,<nil>,<nil>,false,false,false,false,false,105.996733ms,[Apache PHP],[],,false,,1,1
2022-02-24 17:45:26.739639 +0800 CST m=+2.658038098,,,http,80,/,e3b0c44298fc1c149afbf4c8996fb92427ae41e4649b934ca495991b7852b855,a4352e56f4ee04ee3b20ccbf6a7b7180e3e330bad7c9a0cb9c1edd89ca21a56a,[119.28.109.165],[],http://mazu-rs.3g.qq.com:80,mazu-rs.3g.qq.com,,,,QBServer,,application/json,GET,119.28.109.165,0,[],404,<nil>,<nil>,false,false,false,false,false,210.947581ms,[],[],,false,,1,1
2022-02-24 17:45:26.753588 +0800 CST m=+2.671987821,,,https,443,/,e3b0c44298fc1c149afbf4c8996fb92427ae41e4649b934ca495991b7852b855,51cec2890a7518bedcb6b1f4a614c7d673ab0e2027f14445d04751292ca860f9,[101.227.162.80],[newgamebbs.qq.com],https://sg.gamebbs.qq.com:443,https://sg.gamebbs.qq.com,forum.php,,,Apache,,text/html,GET,101.227.162.80,0,[],301,<nil>,<nil>,false,false,false,false,false,67.219086ms,[Apache PHP],[],,false,,1,1
2022-02-24 17:45:26.892705 +0800 CST m=+2.811104805,,,https,443,/,cd8f698977a6a7950b62294e0f01674386069b51474f995e078ae4d4cd259060,baa48b7845174bd218845d2138b234595d217efcda98f7ccebd9b411cbc60cfd,[101.89.38.41],[],https://1026688623.qzone.qq.com:443,https://1026688623.qzone.qq.com,,QQ空间,,QZHTTP-2.38.18,,text/html,GET,101.89.38.41,15846,[],200,<nil>,&{[https://*.gtimg.cn https://*.qq.com http://*.qq.com:8080 https://*.qq.com:8080 http://*.gtimg.cn https://*.qlogo.cn http://*.tenpay.com https://*.weiyun.com http://*.gtimg.com http://*.qzone.com http://*.qlogo.cn https://*.gtimg.com http://*.idqqimg.com http://*.myqcloud.com https://*.res.meizu.com https://*.qpic.cn http://*.qpic.cn https://*.myqcloud.com http://*.qq.com https://www.darryring.com https://*.tenpay.com http://*.soso.com http://*.weiyun.com https://*.qzone.com https://h5.qzone.qq.com/csp/report?type=header&enable=1 https://*.soso.com https://*.idqqimg.com]},false,false,false,false,false,77.190553ms,[],[],,false,,405,6280
2022-02-24 17:45:27.153883 +0800 CST m=+3.072283273,,,https,443,/,e3b0c44298fc1c149afbf4c8996fb92427ae41e4649b934ca495991b7852b855,ec6a8b0792234f7f9b6f6cd27a026550f050fee5f49947eee29c8c80e841c29f,[101.227.162.80],[newgamebbs.qq.com],https://hxsj.gamebbs.qq.com:443,https://hxsj.gamebbs.qq.com,forum.php,,,Apache,,text/html,GET,101.227.162.80,0,[],301,<nil>,<nil>,false,false,false,false,false,60.363235ms,[Apache PHP],[],,false,,1,1
2022-02-24 17:45:27.173279 +0800 CST m=+3.091678921,,,https,443,/,e3b0c44298fc1c149afbf4c8996fb92427ae41e4649b934ca495991b7852b855,1bb5a9693ee65f38cf088c7682626006d9ed1ad44633e273996a1e96efcd1ed8,[101.89.39.76],[qyrtx.qq.com],https://qyrtxproxy.qq.com:443,qyrtxproxy.qq.com,,,,nginx/1.12.1,,,GET,101.89.39.76,0,[],404,<nil>,<nil>,false,false,false,false,false,56.650647ms,[Nginx],[],,false,,1,1
2022-02-24 17:45:27.374277 +0800 CST m=+3.292677366,,,https,443,/,38ffd4972ae513a0c79a8be4573403edcd709f0f572105362b08ff50cf6de521,cbb65968d83806c8bd1fd5808299ca02d8e99f17f434aba64f025f0db2dbf245,[183.3.225.113],[],https://down.tp.qq.com:443,down.tp.qq.com,,Welcome to nginx!,,nginx/1.10.3,,text/html,GET,183.3.225.113,612,[],200,<nil>,<nil>,false,false,false,false,false,192.487854ms,[Nginx],[],,false,,26,79
2022-02-24 17:45:27.374309 +0800 CST m=+3.292709566,,,https,443,/,38ffd4972ae513a0c79a8be4573403edcd709f0f572105362b08ff50cf6de521,cbb65968d83806c8bd1fd5808299ca02d8e99f17f434aba64f025f0db2dbf245,[113.96.213.160],[],https://down.mtp.qq.com:443,down.mtp.qq.com,,Welcome to nginx!,,nginx/1.10.3,,text/html,GET,113.96.213.160,612,[],200,<nil>,<nil>,false,false,false,false,false,192.513334ms,[Nginx],[],,false,,26,79
2022-02-24 17:45:27.5863 +0800 CST m=+3.504700912,,,https,443,/,e3b0c44298fc1c149afbf4c8996fb92427ae41e4649b934ca495991b7852b855,6537f0fc8a36d68db1a208475d2cfa318c7f9911edeaa82899f95a9e2c694a3c,[61.129.7.18],[],https://gamecredit.qq.com:443,gamecredit.qq.com,/static/index.htm,,,nginx,,text/html,GET,61.129.7.18,0,[],302,<nil>,<nil>,false,false,false,false,false,84.105789ms,[Nginx],[],,false,,1,1
2022-02-24 17:45:27.680932 +0800 CST m=+3.599333911,,,https,443,/,e3b0c44298fc1c149afbf4c8996fb92427ae41e4649b934ca495991b7852b855,fb9288b888a3995ab9b1bb42c9bfbbeb2f49de8540cc7ca5c9c3a88eed6e96d0,[101.89.38.41],[],https://1026688623.qzone.qq.com:443,1026688623.qzone.qq.com,http://i.qq.com?s_url=http%3A%2F%2F1026688623.qzone.qq.com%2F,,,QZHTTP-2.38.18,,text/html,GET,101.89.38.41,0,[],302,<nil>,&{[http://*.qlogo.cn https://*.qpic.cn https://www.darryring.com https://*.qlogo.cn https://*.tenpay.com http://*.gtimg.com http://*.gtimg.cn https://*.qq.com https://*.myqcloud.com http://*.soso.com https://*.soso.com https://*.weiyun.com http://*.qq.com http://*.tenpay.com http://*.qq.com:8080 https://*.idqqimg.com https://*.qzone.com http://*.myqcloud.com http://*.weiyun.com https://*.gtimg.cn http://*.qpic.cn https://*.qq.com:8080 http://*.qzone.com https://*.gtimg.com https://h5.qzone.qq.com/csp/report?type=header&enable=1 https://*.res.meizu.com http://*.idqqimg.com]},false,false,false,false,false,178.660301ms,[],[],,false,,1,1
2022-02-24 17:45:27.719219 +0800 CST m=+3.637620348,,,https,443,/,7f09d939c84d546f733fcc1ec26f30ff1dfb0513c2d5f9b395398bfe03952d23,3a91f41fc43dbdfab248c392023f15e2aa207097802ed871632e00a445df8e72,[101.89.38.41],[],https://643267666.qzone.qq.com:443,643267666.qzone.qq.com,,QQ空间,,QZHTTP-2.38.18,,text/html,GET,101.89.38.41,15845,[],200,<nil>,&{[https://*.tenpay.com http://*.soso.com http://*.gtimg.com https://*.gtimg.com http://*.qzone.com https://www.darryring.com https://*.qlogo.cn https://*.idqqimg.com https://*.qzone.com https://*.soso.com http://*.qq.com:8080 https://*.qq.com:8080 http://*.gtimg.cn https://*.gtimg.cn https://h5.qzone.qq.com/csp/report?type=header&enable=1 http://*.qq.com http://*.qlogo.cn http://*.tenpay.com http://*.qpic.cn https://*.myqcloud.com https://*.qpic.cn http://*.myqcloud.com http://*.weiyun.com https://*.weiyun.com https://*.qq.com http://*.idqqimg.com https://*.res.meizu.com]},false,false,false,false,false,52.077075ms,[],[],,false,,405,6280
2022-02-24 17:45:27.731937 +0800 CST m=+3.650338756,,,https,443,/,9c4876d5618c335ea9ba2decc50458fc12ac1997b8fe2638cab239901618db7f,7e5ee521085896bf30ad64b7e59d85e6d89a1175a6c6e9a89b23367d1cfc5ea3,[119.147.4.118],[],https://compass.gamesafe.qq.com:443,compass.gamesafe.qq.com,,,,nginx/1.10.3,,text/html,GET,119.147.4.118,60,[],200,<nil>,<nil>,false,false,false,false,false,167.603951ms,[Nginx],[],,false,,4,7
2022-02-24 17:45:27.768925 +0800 CST m=+3.687326870,,,https,443,/,e3b0c44298fc1c149afbf4c8996fb92427ae41e4649b934ca495991b7852b855,bce4e49c02a5ec227fa61d651965f12a19129ff2b284478038a30346f38576c5,[101.91.19.15 101.91.19.71],[ins-n0lfjics.ias.tencent-cloud.net],https://ptlogin2.gamebbs.qq.com:443,ptlogin2.gamebbs.qq.com,https://www.qq.com,,,Tencent Login Server/2.0.0,,,GET,101.91.19.15,0,[],302,<nil>,<nil>,false,false,false,false,false,99.481941ms,[],[],,false,,1,1
2022-02-24 17:45:27.769251 +0800 CST m=+3.687652946,,,https,443,/,7f2797634fa842c32d1e68efc92264a8ed496ec458dbd1edd9a51dbefe633bf9,399943cf8954a64dabdefda433ba5df9c8dd6860726ac6bf6de6a9d759182bc2,[203.205.136.84],[ith.qq.com.cloud.tc.qq.com ith.qq.com.sched.px.tdnsv6.com],https://ith.qq.com:443,ith.qq.com,,英雄就是我-极光计划-腾讯游戏,,nginx,,text/html,GET,203.205.136.84,15088,[],200,<nil>,<nil>,false,false,false,false,false,1.51830617s,[Nginx],[],,false,,312,5247
2022-02-24 17:45:27.77938 +0800 CST m=+3.697781934,,,https,443,/,77690c1dc247d41881becafa40e0d425f3b1a87aec1b34d0a77f482a15995a05,780bc5c38074b0e0b7b4ca96713bfe75b9d97e04aa666af2e03cca3b891bdf21,[101.89.15.156],[],https://trust.qq.com:443,trust.qq.com,,腾讯区块链,,nginx,,text/html,GET,101.89.15.156,16928,[],200,<nil>,<nil>,false,false,false,false,false,125.154948ms,[Nginx],[],,false,,1,704
2022-02-24 17:45:27.782579 +0800 CST m=+3.700980470,,,https,443,/,3bf92c745f35c05923a6301571219d556c75bdf9f80b9a8d3c4166894e9a546a,d7bcca92c842c75879805f58827b1906414f5956e8ec66e9af2a07ef1e51ef33,[119.147.4.118],[],https://dev.huiwan.qq.com:443,dev.huiwan.qq.com,,会玩 开发者平台,,nginx/1.10.3,,text/html,GET,119.147.4.118,9261,[],200,<nil>,<nil>,false,false,false,false,false,170.397467ms,[Nginx animate.css],[],,false,,223,1765
2022-02-24 17:45:27.843435 +0800 CST m=+3.761837312,,,https,443,/,e3b0c44298fc1c149afbf4c8996fb92427ae41e4649b934ca495991b7852b855,a617cff920e1d3d287bfa8047998f8136c01ef586fd7be8942ae794a5a0e03d9,[101.227.162.80],[newgamebbs.qq.com],https://ch.gamebbs.qq.com:443,ch.gamebbs.qq.com,forum.php,,,Apache,,text/html,GET,101.227.162.80,0,[],301,<nil>,<nil>,false,false,false,false,false,110.329435ms,[Apache PHP],[],,false,,1,1
2022-02-24 17:45:27.843449 +0800 CST m=+3.761851064,,,https,443,/,e3b0c44298fc1c149afbf4c8996fb92427ae41e4649b934ca495991b7852b855,cd1cc254930d9a66e7edf1827f81acea9e7a2f9240ec63793f857a3d792aac8b,[61.151.170.69 61.151.170.70 61.151.170.71 61.151.170.72 61.151.170.73 61.151.170.75 61.151.170.77 61.151.170.78 61.151.170.79 61.151.170.81 61.151.170.82 61.151.170.83 61.151.170.84 61.151.170.67 61.151.170.68],[dchttp.tcdn.qq.com],https://videohy.tc.qq.com:443,videohy.tc.qq.com,https://apd-videohy.apdcdn.tc.qq.com/?ocid=3348328548,,,NWSs,,,GET,61.151.170.69,0,[],302,<nil>,<nil>,false,false,false,false,false,85.837271ms,[],[],,false,,1,1
2022-02-24 17:45:27.855278 +0800 CST m=+3.773679645,,,https,443,/,43ab52537da37db586bf6ffd3855be0fa5d4590a797e0440ad8609497013014f,72fc7153b306e2a9b3b22aef15e6466e72b5b3552f80504ef5f81a38e3fc2545,[101.91.42.235 101.91.42.48],[ins-414j4pn1.ias.tencent-cloud.net],https://ubook.reader.qq.com:443,ubook.reader.qq.com,,"小说,热门小说,最新热门小说排行-QQ阅读_阅文集团旗下网站",,,,text/html,GET,101.91.42.235,45456,[],200,<nil>,<nil>,false,false,false,false,false,164.211499ms,[Node.js Nuxt.js Vue.js],[],,false,,39,1592
2022-02-24 17:45:27.863703 +0800 CST m=+3.782105270,,,https,443,/,1d08335e65da7cf40d1c4a7ba0088e0f39b9c5a4b2e42de95fc9ffa69fb96c7a,a7d37647f34a4fc425558ea266143949ddd32bc3985f23c791ab23984910e5f7,[58.216.96.14 58.216.96.15 58.216.96.32 58.216.96.38],[next.qq.com.cloud.tc.qq.com x2.tcdn.qq.com],https://next.qq.com:443,next.qq.com,,403 Forbidden,,nginx,,text/html,GET,58.216.96.14,162,[],403,<nil>,<nil>,false,false,false,false,false,193.329986ms,[Nginx],[],,false,,8,4
2022-02-24 17:45:27.863839 +0800 CST m=+3.782241263,,,https,443,/,e3b0c44298fc1c149afbf4c8996fb92427ae41e4649b934ca495991b7852b855,bd3ce02aef4c72f260a2e8325b34a3e5e91a651e06f04ee82c74e5407bd2ad78,[14.18.175.162 14.18.175.163],[sz.fcloud.store.qq.com],https://sznk.fcloud.store.qq.com:443,sznk.fcloud.store.qq.com,,,,Qnginx/1.3.2,,,GET,14.18.175.162,0,[],400,<nil>,<nil>,false,false,false,false,false,194.327728ms,[Nginx],[],,false,,1,1
2022-02-24 17:45:27.870212 +0800 CST m=+3.788613581,,,https,443,/,3e11dd6b24715dd0503dcf35302d987848f748ec38c686b8a11e575a12b6b254,ced2a785862f6b0b3ee4b91a2ff33a098ae056815b5b135a8fbe7efcfa573c17,[119.147.4.118],[],https://mtp.qq.com:443,mtp.qq.com,https://www.anticheatexpert.com/#/,301 Moved Permanently,,nginx/1.10.3,,text/html,GET,119.147.4.118,185,[],301,<nil>,<nil>,false,false,false,false,false,200.287116ms,[Nginx],[],,false,,8,6
2022-02-24 17:45:27.881699 +0800 CST m=+3.800101419,,,https,443,/,3f3138bd7604fe768b926d2c9be0c7286b7de69f92775f4206168d2860e037b7,f3a0175b2efbe76974262d096ff7079775699dce3a4230e0c15a98a697c57cc6,[],[],https://court.gamesafe.qq.com:443,https://court.gamesafe.qq.com,,,,nginx,,text/html,GET,61.129.7.18,15,[],200,<nil>,<nil>,false,false,false,false,false,113.471322ms,[Nginx],[],,false,,1,1
2022-02-24 17:45:27.882067 +0800 CST m=+3.800469091,,,https,443,/,3076942b2db14b146860a3e1532bc9275c3c406103321d956dcde2cadceca265,a96aecc0666e2f7f02d9550366f839566a9ae55cae70f3bb24e5bddabb5fe9a8,[],[],https://test.tencentlive.qq.com:443,https://test.tencentlive.qq.com,,403 Forbidden,,stgw,,text/html,GET,14.22.6.249,145,[],403,<nil>,<nil>,false,false,false,false,false,218.277568ms,[],[],,false,,8,3
2022-02-24 17:45:27.882109 +0800 CST m=+3.800510734,,,https,443,/,e3631af1efa5be63f728619833a5a8a23a1f72ca40d6f6b6c71d80bca51975c0,f5fdf7b99802c0095b5e8a9e7f065573ed1b2b591ec1988345b5b3c6bd765122,[],[],https://admin.qidian.qq.com:443,https://admin.qidian.qq.com,https://admin.qidian.qq.com/ac/login,301 Moved Permanently,,openresty,,text/html,GET,101.89.15.231,182,[],301,<nil>,<nil>,false,false,false,false,false,111.031189ms,[Nginx OpenResty],[],,false,,8,6
2022-02-24 17:45:27.882548 +0800 CST m=+3.800949469,,,https,443,/,38ffd4972ae513a0c79a8be4573403edcd709f0f572105362b08ff50cf6de521,61bed69e8cb5d1c1f6006ca8d9dc3dbcb11fc126fc4a3d181309751104a4d0e4,[],[],https://down.mtp.qq.com:443,https://down.mtp.qq.com,,Welcome to nginx!,,nginx/1.10.3,,text/html,GET,113.96.213.160,612,[],200,<nil>,<nil>,false,false,false,false,false,191.083555ms,[Nginx],[],,false,,26,79
2022-02-24 17:45:27.895747 +0800 CST m=+3.814149408,,,https,443,/,e3b0c44298fc1c149afbf4c8996fb92427ae41e4649b934ca495991b7852b855,bce4e49c02a5ec227fa61d651965f12a19129ff2b284478038a30346f38576c5,[101.227.162.80],[newgamebbs.qq.com],https://ptlogin2.gamebbs.qq.com:443,https://ptlogin2.gamebbs.qq.com,https://www.qq.com,,,Tencent Login Server/2.0.0,,,GET,101.91.19.71,0,[],302,<nil>,<nil>,false,false,false,false,false,70.590212ms,[],[],,false,,1,1
2022-02-24 17:45:27.914102 +0800 CST m=+3.832504390,,,https,443,/,790c50a1e4cc19b4e82b6366a3dd07f2543da5a78127fde9f21500832ca713ed,1169876bfe2356043ead8a0d5e810d36c06f24b56ea96885016f15caed4662c4,[61.151.167.60 61.151.168.216],[vi.sparta.mig.tencent-cloud.net],https://hwvip.video.qq.com:443,hwvip.video.qq.com,,,,nginx,,application/x-javascript,GET,61.151.167.60,51,[],200,<nil>,<nil>,false,false,false,false,false,160.650154ms,[Nginx],[],,false,,1,3
2022-02-24 17:45:28.012792 +0800 CST m=+3.931194200,,,https,443,/,3bf92c745f35c05923a6301571219d556c75bdf9f80b9a8d3c4166894e9a546a,6e5e64116f4fc60f46566d4dc0a029a86361b2c29b337eb9bda611453662ad58,[],[],https://developers.huiwan.qq.com:443,https://developers.huiwan.qq.com,,会玩 开发者平台,,nginx/1.10.3,,text/html,GET,119.147.4.118,9261,[],200,<nil>,<nil>,false,false,false,false,false,184.452771ms,[Nginx animate.css],[],,false,,223,1765
2022-02-24 17:45:28.027152 +0800 CST m=+3.945553812,,,https,443,/,e3b0c44298fc1c149afbf4c8996fb92427ae41e4649b934ca495991b7852b855,a617cff920e1d3d287bfa8047998f8136c01ef586fd7be8942ae794a5a0e03d9,[101.227.162.80],[gamebbs.qq.com newgamebbs.qq.com],https://af.gamebbs.qq.com:443,af.gamebbs.qq.com,forum.php,,,Apache,,text/html,GET,101.227.162.80,0,[],301,<nil>,<nil>,false,false,false,false,false,64.588885ms,[Apache PHP],[],,false,,1,1
2022-02-24 17:45:28.027152 +0800 CST m=+3.945553994,,,https,443,/,e3b0c44298fc1c149afbf4c8996fb92427ae41e4649b934ca495991b7852b855,a617cff920e1d3d287bfa8047998f8136c01ef586fd7be8942ae794a5a0e03d9,[101.227.162.80],[gamebbs.qq.com newgamebbs.qq.com],https://moyu.gamebbs.qq.com:443,moyu.gamebbs.qq.com,forum.php,,,Apache,,text/html,GET,101.227.162.80,0,[],301,<nil>,<nil>,false,false,false,false,false,114.126115ms,[Apache PHP],[],,false,,1,1
2022-02-24 17:45:28.03856 +0800 CST m=+3.956962145,,,https,443,/,e3b0c44298fc1c149afbf4c8996fb92427ae41e4649b934ca495991b7852b855,a4edc686afa1f1c1708255a5d69dac88c92ee80e867eadbf5b062f51c018cdc1,[101.89.38.41],[],https://2837524418.qzone.qq.com:443,https://2837524418.qzone.qq.com,http://i.qq.com?s_url=http%3A%2F%2F2837524418.qzone.qq.com%2F,,,QZHTTP-2.38.18,,text/html,GET,101.89.38.41,0,[],302,<nil>,&{[http://*.idqqimg.com https://*.soso.com https://*.myqcloud.com https://*.res.meizu.com https://*.qlogo.cn http://*.myqcloud.com https://*.weiyun.com http://*.qq.com http://*.qpic.cn https://*.gtimg.cn https://h5.qzone.qq.com/csp/report?type=header&enable=1 https://*.tenpay.com http://*.weiyun.com http://*.gtimg.com http://*.qq.com:8080 http://*.gtimg.cn https://*.qzone.com https://*.gtimg.com https://*.qq.com:8080 https://*.idqqimg.com http://*.qzone.com https://www.darryring.com https://*.qpic.cn http://*.tenpay.com https://*.qq.com http://*.soso.com http://*.qlogo.cn]},false,false,false,false,false,185.665488ms,[],[],,false,,1,1
2022-02-24 17:45:28.049415 +0800 CST m=+3.967817573,,,https,443,/,e3b0c44298fc1c149afbf4c8996fb92427ae41e4649b934ca495991b7852b855,a617cff920e1d3d287bfa8047998f8136c01ef586fd7be8942ae794a5a0e03d9,[101.227.162.80],[newgamebbs.qq.com],https://qqsh.gamebbs.qq.com:443,https://qqsh.gamebbs.qq.com,forum.php,,,Apache,,text/html,GET,101.227.162.80,0,[],301,<nil>,<nil>,false,false,false,false,false,40.276267ms,[Apache PHP],[],,false,,1,1
2022-02-24 17:45:28.049931 +0800 CST m=+3.968332879,,,https,443,/,aea0f3ea058e82d8a567ec89e56c410c38ab9bb9570bec7d1080edbfb435f749,504b92c98932ed78b77a95f7309584f0708721b4647e759ba568439caa36fee2,[],[],https://hefei.house.qq.com:443,https://hefei.house.qq.com,,房产频道_腾讯网,,squid/3.5.24,,text/html,GET,101.91.42.203,52372,[],200,<nil>,<nil>,false,false,false,false,false,67.693624ms,[],[],,false,,1125,11327
2022-02-24 17:45:28.052068 +0800 CST m=+3.970470391,,,https,443,/,e3b0c44298fc1c149afbf4c8996fb92427ae41e4649b934ca495991b7852b855,d09e988df10e0a84466a104c675a99d677a8771978e2871ee728cc14fc5b3eb5,[119.147.4.118],[],https://api.huiwan.qq.com:443,api.huiwan.qq.com,,,,nginx/1.10.3,,text/html,GET,119.147.4.118,0,[],200,<nil>,<nil>,false,false,false,false,false,210.958499ms,[Nginx],[],,false,,1,1
2022-02-24 17:45:28.056112 +0800 CST m=+3.974513910,,,https,443,/,80d32e2c3b6e0d53d17d9313a35912ae4b28f147c999dc4199f905e7684b9e85,572b27c69166441e043b64453f822047515d82bfd8ad78b68b65c861ece1d069,[],[],https://tdump.gamesafe.qq.com:443,https://tdump.gamesafe.qq.com,,业务安全——客户端质量平台,,nginx/1.10.3,,text/html,GET,119.147.4.118,1050,[],200,<nil>,<nil>,false,false,false,false,false,169.733506ms,[Nginx],[],,false,,22,79
2022-02-24 17:45:28.060952 +0800 CST m=+3.979354797,,,https,443,/,443045a2cb57026f177b262e04a25c7c3551741b39636e99c779e8868a800349,4e33688991a68a4a17909ee19877d36f6dacbef4c88c1fb5d3fe6c4e29e8fd06,[],[],https://wetvaccess.video.qq.com:443,https://wetvaccess.video.qq.com,,,,,,application/json,GET,101.89.50.211,44,[],200,<nil>,<nil>,false,false,false,false,false,100.724562ms,[],[],,false,,1,4
2022-02-24 17:45:28.069606 +0800 CST m=+3.988008579,,,https,443,/,b94d27b9934d3e08a52e52d7da7dabfac484efe37a5380ee9088f7ace2efcde9,710908ad29a1ba0d59977eabe4c3d541e5413495bdce40e9c2d5eca67be1a629,[],[],https://api.bigv.qq.com:443,https://api.bigv.qq.com,,,,LaravelS,,text/html,GET,101.91.43.189,11,[],200,<nil>,<nil>,false,false,false,false,false,121.851054ms,[],[],,false,,1,2
2022-02-24 17:45:28.070433 +0800 CST m=+3.988835183,,,https,443,/,c8e5485ba8a170bbb4bda143d46da28d059f3ef7b9969cca6ea4938017b5ead5,b2c2277c7687fe581588f09fa4aafc931d8e45101bb7cc2431a4c47225320294,[],[],https://iot.open.qq.com:443,https://iot.open.qq.com,,QQ物联智能硬件开放平台,,Apache,,text/html,GET,183.3.226.42,14699,[],200,<nil>,<nil>,false,false,false,false,false,278.116154ms,[Apache PHP],[],,false,,345,4946
2022-02-24 17:45:28.079054 +0800 CST m=+3.997456569,,,https,443,/,e3b0c44298fc1c149afbf4c8996fb92427ae41e4649b934ca495991b7852b855,2f3dbcf75983e13cb4ced877cf2e143a35fb18d84d9a1d109aac53b3af4156ca,[61.129.7.18],[],https://gslab.qq.com:443,gslab.qq.com,portal.php,,,nginx,,text/html,GET,61.129.7.18,0,[],301,<nil>,&{[https://*.qq.com http://thirdqq.qlogo.cn https://aq.qq.com/cn2/manage/mbtoken/hijack_csp_report]},false,false,false,false,false,86.05286ms,[Nginx PHP],[],,false,,1,1
2022-02-24 17:45:28.090104 +0800 CST m=+4.008506814,,,https,443,/,9c4876d5618c335ea9ba2decc50458fc12ac1997b8fe2638cab239901618db7f,e6ac8ce577255189506fd3ab4ea3af06d1570f86406ae34d697edccbbfa97f45,[],[],https://compass.gamesafe.qq.com:443,https://compass.gamesafe.qq.com,,,,nginx/1.10.3,,text/html,GET,119.147.4.118,60,[],200,<nil>,<nil>,false,false,false,false,false,160.529879ms,[Nginx],[],,false,,4,7
2022-02-24 17:45:28.097404 +0800 CST m=+4.015806733,,,https,443,/,1f93b1b2b9eccabf3a76d852f33422f3acb4f13613a71f58cf2226d8669c4d8d,dc3a35a552a027aa7585d6d06b0f38808784ba037100f730a7071f88562ba5fa,[101.89.49.159],[],https://guyu.qq.com:443,guyu.qq.com,,腾讯先锋-腾讯官方云游戏,,openresty/1.16.1.1,,text/html,GET,101.89.49.159,13593,[],200,<nil>,&{[http://*.qpic.cn http://sh.fcloud.storage.teg.tencent-cloud.com http://*.gtimg.com https://pingtas.qq.com https://aq.qq.com/cn2/manage/mbtoken/hijack_csp_report https://*.qq.com https://gamer.cdn-go.cn https://zz.bdstatic.com https://*.gamer.qq.com https://*.gtimg.com https://*.gtimg.cn http://*.qq.com https://pingjs.qq.com https://sh.fcloud.storage.teg.tencent-cloud.com http://*.gtimg.cn https://*.guyu.qq.com https://js.aq.qq.com https://*.qpic.cn https://btrace.qq.com http://*.guyu.qq.com http://*.gamer.qq.com]},false,false,false,false,false,209.984059ms,[Nginx OpenResty],[],,false,,288,3721
2022-02-24 17:45:28.116323 +0800 CST m=+4.034725670,,,https,443,/,e3b0c44298fc1c149afbf4c8996fb92427ae41e4649b934ca495991b7852b855,35245c3c6e2886c7f90507a2fb1cc823cad92398d1892459beedad82158a230f,[101.89.38.41],[],https://643267666.qzone.qq.com:443,https://643267666.qzone.qq.com,http://i.qq.com?s_url=http%3A%2F%2F643267666.qzone.qq.com%2F,,,QZHTTP-2.38.18,,text/html,GET,101.89.38.41,0,[],302,<nil>,&{[http://*.qq.com http://*.qpic.cn https://*.qpic.cn https://*.soso.com http://*.weiyun.com http://*.qq.com:8080 http://*.gtimg.cn http://*.tenpay.com https://*.idqqimg.com https://www.darryring.com http://*.myqcloud.com https://*.myqcloud.com https://*.qq.com https://*.qzone.com https://*.qlogo.cn https://*.weiyun.com https://*.gtimg.com https://*.qq.com:8080 https://*.res.meizu.com http://*.qlogo.cn http://*.gtimg.com http://*.idqqimg.com http://*.qzone.com http://*.soso.com https://*.gtimg.cn https://h5.qzone.qq.com/csp/report?type=header&enable=1 https://*.tenpay.com]},false,false,false,false,false,225.884622ms,[],[],,false,,1,1
2022-02-24 17:45:28.149476 +0800 CST m=+4.067878400,,,https,443,/,c472eba9303d98230b181584a7d555c0c93177a4dff5af9f122e5f89ab027205,3a91f41fc43dbdfab248c392023f15e2aa207097802ed871632e00a445df8e72,[101.89.38.41],[],https://965424933.qzone.qq.com:443,965424933.qzone.qq.com,,QQ空间,,QZHTTP-2.38.18,,text/html,GET,101.89.38.41,15845,[],200,<nil>,&{[http://*.qq.com https://*.qq.com http://*.myqcloud.com http://*.soso.com https://*.soso.com http://*.idqqimg.com https://*.qlogo.cn https://*.myqcloud.com http://*.weiyun.com http://*.qq.com:8080 http://*.gtimg.cn https://*.idqqimg.com https://*.res.meizu.com http://*.qlogo.cn http://*.gtimg.com https://*.qzone.com http://*.tenpay.com http://*.qzone.com https://*.tenpay.com https://*.weiyun.com https://*.gtimg.cn http://*.qpic.cn https://*.qpic.cn https://*.qq.com:8080 https://www.darryring.com https://h5.qzone.qq.com/csp/report?type=header&enable=1 https://*.gtimg.com]},false,false,false,false,false,82.173685ms,[],[],,false,,405,6280
2022-02-24 17:45:28.187741 +0800 CST m=+4.106143600,,,https,443,/,b94d27b9934d3e08a52e52d7da7dabfac484efe37a5380ee9088f7ace2efcde9,710908ad29a1ba0d59977eabe4c3d541e5413495bdce40e9c2d5eca67be1a629,[101.91.43.189],[ins-g5x4xq67.ias.tencent-cloud.net],https://api.bigv.qq.com:443,api.bigv.qq.com,,,,LaravelS,,text/html,GET,101.91.43.189,11,[],200,<nil>,<nil>,false,false,false,false,false,156.71207ms,[],[],,false,,1,2
2022-02-24 17:45:28.196465 +0800 CST m=+4.114867211,,,https,443,/,a7880685856cfaeb53be7c3289551be719a74acfff19a9a94695b373c54a85f6,cab1f9e55cc5c60261d599a14814323cd3bf256f598ea06910e57a40e0f741d8,[],[],https://img.finance.qq.com:443,https://img.finance.qq.com,,404 Not Found,,nginx/1.16.0,,text/html,GET,183.3.235.81,153,[],404,<nil>,<nil>,false,false,false,false,false,160.39498ms,[Nginx],[],,false,,8,5
2022-02-24 17:45:28.218795 +0800 CST m=+4.137197404,,,https,443,/,e3b0c44298fc1c149afbf4c8996fb92427ae41e4649b934ca495991b7852b855,a617cff920e1d3d287bfa8047998f8136c01ef586fd7be8942ae794a5a0e03d9,[101.227.162.80],[newgamebbs.qq.com],https://t7.gamebbs.qq.com:443,t7.gamebbs.qq.com,forum.php,,,Apache,,text/html,GET,101.227.162.80,0,[],301,<nil>,<nil>,false,false,false,false,false,78.983382ms,[Apache PHP],[],,false,,1,1
2022-02-24 17:45:28.218815 +0800 CST m=+4.137218201,,,https,443,/,e3b0c44298fc1c149afbf4c8996fb92427ae41e4649b934ca495991b7852b855,a617cff920e1d3d287bfa8047998f8136c01ef586fd7be8942ae794a5a0e03d9,[101.227.162.80],[newgamebbs.qq.com],https://fs.gamebbs.qq.com:443,fs.gamebbs.qq.com,forum.php,,,Apache,,text/html,GET,101.227.162.80,0,[],301,<nil>,<nil>,false,false,false,false,false,79.057975ms,[Apache PHP],[],,false,,1,1
2022-02-24 17:45:28.229769 +0800 CST m=+4.148171794,,,https,443,/,e3b0c44298fc1c149afbf4c8996fb92427ae41e4649b934ca495991b7852b855,a617cff920e1d3d287bfa8047998f8136c01ef586fd7be8942ae794a5a0e03d9,[101.227.162.80],[newgamebbs.qq.com],https://af.gamebbs.qq.com:443,https://af.gamebbs.qq.com,forum.php,,,Apache,,text/html,GET,101.227.162.80,0,[],301,<nil>,<nil>,false,false,false,false,false,34.668176ms,[Apache PHP],[],,false,,1,1
2022-02-24 17:45:28.263637 +0800 CST m=+4.182040248,,,https,443,/,3bf92c745f35c05923a6301571219d556c75bdf9f80b9a8d3c4166894e9a546a,d7bcca92c842c75879805f58827b1906414f5956e8ec66e9af2a07ef1e51ef33,[],[],https://dev.huiwan.qq.com:443,https://dev.huiwan.qq.com,,会玩 开发者平台,,nginx/1.10.3,,text/html,GET,119.147.4.118,9261,[],200,<nil>,<nil>,false,false,false,false,false,236.068765ms,[Nginx animate.css],[],,false,,223,1765
2022-02-24 17:45:28.298893 +0800 CST m=+4.217295916,,,https,443,/,b6d20fdb69c0a60df3e83f2f9d6d440f39cd9e58192246080e915ee57f3e1adc,64a8243fdb7459c9731df804352c755f63a99094b190b77e546ff27c3ce4c0c5,[49.233.194.202],[a9004d85bbd0229afdd89911e44ac71b.qcloudzygj.com 55976e44ac32acb3-cl2.qcloudcjgj.com],https://gms.qq.com:443,gms.qq.com,,Client Bad Request,,nginx,,text/html,GET,49.233.194.202,657,[],400,<nil>,<nil>,false,false,false,false,false,157.772112ms,[Nginx],[],,false,,20,87
2022-02-24 17:45:28.308168 +0800 CST m=+4.226570592,,,https,443,/,e3b0c44298fc1c149afbf4c8996fb92427ae41e4649b934ca495991b7852b855,a617cff920e1d3d287bfa8047998f8136c01ef586fd7be8942ae794a5a0e03d9,[101.227.162.80],[newgamebbs.qq.com],https://moyu.gamebbs.qq.com:443,https://moyu.gamebbs.qq.com,forum.php,,,Apache,,text/html,GET,101.227.162.80,0,[],301,<nil>,<nil>,false,false,false,false,false,68.207022ms,[Apache PHP],[],,false,,1,1
2022-02-24 17:45:28.309131 +0800 CST m=+4.227534204,,,https,443,/,e3b0c44298fc1c149afbf4c8996fb92427ae41e4649b934ca495991b7852b855,a617cff920e1d3d287bfa8047998f8136c01ef586fd7be8942ae794a5a0e03d9,[101.227.162.80],[newgamebbs.qq.com],https://jxqy.gamebbs.qq.com:443,jxqy.gamebbs.qq.com,forum.php,,,Apache,,text/html,GET,101.227.162.80,0,[],301,<nil>,<nil>,false,false,false,false,false,44.614545ms,[Apache PHP],[],,false,,1,1
2022-02-24 17:45:28.309523 +0800 CST m=+4.227926189,,,https,443,/,38ffd4972ae513a0c79a8be4573403edcd709f0f572105362b08ff50cf6de521,f5ab299e56036d0589c2a7d1ed544e3c5c4cc74c4e4fe3a8de486b7cd5719e09,[],[],https://down.tp.qq.com:443,https://down.tp.qq.com,,Welcome to nginx!,,nginx/1.10.3,,text/html,GET,183.3.225.113,612,[],200,<nil>,<nil>,false,false,false,false,false,192.352824ms,[Nginx],[],,false,,26,79
2022-02-24 17:45:28.309787 +0800 CST m=+4.228189619,,,https,443,/,fd763a91da5e61b7ee68fe12406e71cbecb130181dbd42346acaf659595bb1e2,4f241e65319b7f2ba72d71739e28cd03932420b74e3f667204e594c9d52377b6,[],[],https://login.campus.qq.com:443,https://login.campus.qq.com,,统一身份认证服务,,,,text/html,GET,106.55.144.250,367,[],200,<nil>,<nil>,false,false,false,false,false,235.881453ms,[],[],,false,,13,39
2022-02-24 17:45:28.339376 +0800 CST m=+4.257778794,,,https,443,/,e3b0c44298fc1c149afbf4c8996fb92427ae41e4649b934ca495991b7852b855,a617cff920e1d3d287bfa8047998f8136c01ef586fd7be8942ae794a5a0e03d9,[101.227.162.80],[newgamebbs.qq.com],https://t7.gamebbs.qq.com:443,https://t7.gamebbs.qq.com,forum.php,,,Apache,,text/html,GET,101.227.162.80,0,[],301,<nil>,<nil>,false,false,false,false,false,109.347977ms,[Apache PHP],[],,false,,1,1
2022-02-24 17:45:28.350502 +0800 CST m=+4.268905220,,,https,443,/,1b8bcf195ce7bfb121571cde225aed81df8c12b20973a6077504355932889982,ece66bcd1f841b04087ad679c3fb1f01eef5f897c8fe561e92b6dc312e55cd69,[81.71.10.192 81.71.77.164 106.53.109.148 106.53.111.113],[service-81i4gylk-1302115263.gz.apigw.tencentcs.com 23-14.gz.apigwtencent.com],https://ym.qq.com:443,ym.qq.com,,云mall,,,,text/html,GET,81.71.10.192,28967,[],200,<nil>,<nil>,false,false,false,false,false,318.740707ms,[Next.js Node.js React webpack],[],,false,,10,584
2022-02-24 17:45:28.357531 +0800 CST m=+4.275933911,,,https,443,/,3076942b2db14b146860a3e1532bc9275c3c406103321d956dcde2cadceca265,e85c9d0335a633765025d4dc3afc2298060d404abd1e6369c702c6063109b7ba,[],[],https://pre.zenvideo.qq.com:443,https://pre.zenvideo.qq.com,,403 Forbidden,,stgw,,text/html,GET,14.22.33.101,145,[],403,<nil>,<nil>,false,false,false,false,false,158.332617ms,[],[],,false,,8,3
2022-02-24 17:45:28.418578 +0800 CST m=+4.336980704,,,https,443,/,e3b0c44298fc1c149afbf4c8996fb92427ae41e4649b934ca495991b7852b855,6c693fdb080e1821da1bd327c7d4379c229a74708c09c1b0b14201e557d2c052,[101.227.162.80],[newgamebbs.qq.com],https://speed.gamebbs.qq.com:443,https://speed.gamebbs.qq.com,forum.php,,,Apache,,text/html,GET,101.227.162.80,0,[],301,<nil>,<nil>,false,false,false,false,false,36.43911ms,[Apache PHP],[],,false,,1,1
2022-02-24 17:45:28.429211 +0800 CST m=+4.347613865,,,https,443,/,1d08335e65da7cf40d1c4a7ba0088e0f39b9c5a4b2e42de95fc9ffa69fb96c7a,b80b35e8b7b5c7bc0cfc3d12e593043546d70baf8a69ee7f6a9965b93c17ed6b,[],[],https://tencentlive.qq.com:443,https://tencentlive.qq.com,,403 Forbidden,,nginx,,text/html,GET,101.226.233.173,162,[],403,<nil>,<nil>,false,false,false,false,false,144.437377ms,[Nginx],[],,false,,8,4
2022-02-24 17:45:28.438949 +0800 CST m=+4.357352260,,,https,443,/,423c35fd55adf8ac09c342b02520c5fafd6b73c6b4942b6569d3620521571d8a,30f877d0639b2a2e800ae30e0c35b503ae83b1c1114b370b1390127ff7f3a27e,[],[],https://mount.financeft.qq.com:443,https://mount.financeft.qq.com,,,,,,application/json,GET,157.148.41.192,39,[],401,<nil>,<nil>,false,false,false,false,false,219.337793ms,[],[],,false,,1,4
2022-02-24 17:45:28.607702 +0800 CST m=+4.526105883,,,https,443,/,b7f443a017fe83ff39055e745da85c9a4774ffdaaf3ecf8e1d268b577e32d646,a90b13e2a80c69a88a970cb64a1eb4fa82f61a8eed1c82018bb909aa9be236e3,[],[],https://bigv.qq.com:443,https://bigv.qq.com,,大V系统,,openresty/1.13.6.2,,text/html,GET,101.91.43.189,1713,[],200,<nil>,<nil>,false,false,false,false,false,127.633553ms,[Nginx OpenResty],[],,false,,33,224
2022-02-24 17:45:28.61839 +0800 CST m=+4.536793136,,,https,443,/,167244fd2ab9dbfa34db0b53f93afa2c2f08750b86ce1ddc46f09258e9be0cf3,ea35b5f93a1d85080e05da24d4adc2f772a1d1844e5fb834fe1c0e6eafd77d59,[],[],https://tp.qq.com:443,https://tp.qq.com,,403 Forbidden,,nginx/1.10.3,,text/html,GET,119.147.4.118,169,[],403,<nil>,<nil>,false,false,false,false,false,206.86764ms,[Nginx],[],,false,,8,4
2022-02-24 17:45:28.648213 +0800 CST m=+4.566616523,,,https,443,/,423c35fd55adf8ac09c342b02520c5fafd6b73c6b4942b6569d3620521571d8a,30f877d0639b2a2e800ae30e0c35b503ae83b1c1114b370b1390127ff7f3a27e,[],[],https://test.mount.financeft.qq.com:443,https://test.mount.financeft.qq.com,,,,,,application/json,GET,183.47.101.187,39,[],401,<nil>,<nil>,false,false,false,false,false,178.494203ms,[],[],,false,,1,4
2022-02-24 17:45:28.705422 +0800 CST m=+4.623825513,,,https,443,/,e3b0c44298fc1c149afbf4c8996fb92427ae41e4649b934ca495991b7852b855,a3b46b76c85dfd5a5fe4956d4df6e99e94e6bb3802c396637bb309d569ffc4f7,[],[],https://gamecredit.qq.com:443,https://gamecredit.qq.com,/static/index.htm,,,nginx,,text/html,GET,61.129.7.18,0,[],302,<nil>,<nil>,false,false,false,false,false,107.26173ms,[Nginx],[],,false,,1,1
2022-02-24 17:45:28.776575 +0800 CST m=+4.694979150,,,https,443,/,0019dfc4b32d63c1392aa264aed2253c1e0c2fb09216f8e2cc269bbfb8bb49b5,32353846c39e7f11ad74241217783f3433a0cbfafd38fe3283b5fa7a1b961c6c,[],[],https://wmapgray.qq.com:443,https://wmapgray.qq.com,,,,,,text/plain,GET,101.91.19.113,9,[],404,<nil>,<nil>,false,false,false,false,false,149.019313ms,[],[],,false,,1,2
2022-02-24 17:45:28.925701 +0800 CST m=+4.844105872,,,https,443,/,e3b0c44298fc1c149afbf4c8996fb92427ae41e4649b934ca495991b7852b855,bce4e49c02a5ec227fa61d651965f12a19129ff2b284478038a30346f38576c5,[],[],https://ptlogin2.boodo.qq.com:443,https://ptlogin2.boodo.qq.com,https://www.qq.com,,,Tencent Login Server/2.0.0,,,GET,101.91.19.71,0,[],302,<nil>,<nil>,false,false,false,false,false,94.793926ms,[],[],,false,,1,1
2022-02-24 17:45:28.982407 +0800 CST m=+4.900811066,,,https,443,/,cab538fd1647961eb35348c1bd84e1fde389ad89672587d2fe3c007a0bc9e67f,815e2570b670195240ab0c55b7dd7a2799ccaf794b15a0aba697d14b0be6906a,[203.205.136.84],[fa.qq.com.cloud.tc.qq.com fa.qq.com.sched.px.tdnsv6.com],https://fa.qq.com:443,fa.qq.com,,403 Forbidden,,nginx,,text/html,GET,203.205.136.84,564,[],403,<nil>,<nil>,false,false,false,false,false,1.478855243s,[Nginx],[],,false,,14,70
2022-02-24 17:45:29.190154 +0800 CST m=+5.108559388,,,https,443,/,38baa7ee01b6292a36b92db7a7be471af0419872e2a65d5d439d93db9c090000,f332c0f5d4b4fb4005ab65e0d59cb8eb488e028c8efcfb791e58527535d49d82,[203.205.137.227],[x2.tc.qq.com baoshi.qq.com.x2.sched.dcloudstc.com],https://cg.qq.com:443,cg.qq.com,,解读启元CG-启元六月不删档测试-斗战神-DZS-官方网站-腾讯游戏-开放式战斗2.0网游,,nginx,,text/html,GET,203.205.137.227,18981,[],200,<nil>,<nil>,false,false,false,false,false,1.641497765s,[Nginx],[],,false,,229,563
2022-02-24 17:45:29.49597 +0800 CST m=+5.414375165,,,https,443,/,a1e5fdc256e7ef311cef96fa3961dd1b4d2570ad894836b9303621095a620db4,9b7e7d0d676fb191b5beac8a9f14e742e32f2f9a3d6fb97e42a979e952fa93cc,[],[],https://m2.qa.lining.ym.qq.com:443,https://m2.qa.lining.ym.qq.com,,李宁官方网站,,tencent-cos,,text/html,GET,203.195.186.15,2359,[],200,<nil>,<nil>,false,false,false,false,false,780.246374ms,[],[],,false,,15,188
2022-02-24 17:45:29.648624 +0800 CST m=+5.567030098,,,https,443,/,3e11dd6b24715dd0503dcf35302d987848f748ec38c686b8a11e575a12b6b254,ced2a785862f6b0b3ee4b91a2ff33a098ae056815b5b135a8fbe7efcfa573c17,[],[],https://mtp.qq.com:443,https://mtp.qq.com,https://www.anticheatexpert.com/#/,301 Moved Permanently,,nginx/1.10.3,,text/html,GET,119.147.4.118,185,[],301,<nil>,<nil>,false,false,false,false,false,152.532606ms,[Nginx],[],,false,,8,6
2022-02-24 17:45:29.751244 +0800 CST m=+5.669650685,,,https,443,/,e3b0c44298fc1c149afbf4c8996fb92427ae41e4649b934ca495991b7852b855,2f3dbcf75983e13cb4ced877cf2e143a35fb18d84d9a1d109aac53b3af4156ca,[],[],https://gslab.qq.com:443,https://gslab.qq.com,portal.php,,,nginx,,text/html,GET,61.129.7.18,0,[],301,<nil>,&{[http://thirdqq.qlogo.cn https://aq.qq.com/cn2/manage/mbtoken/hijack_csp_report https://*.qq.com]},false,false,false,false,false,142.620944ms,[Nginx PHP],[],,false,,1,1
2022-02-24 17:45:29.894446 +0800 CST m=+5.812852618,,,https,443,/,38baa7ee01b6292a36b92db7a7be471af0419872e2a65d5d439d93db9c090000,0e25284a84d13d7d94b988e831e5cf4d40b8d83d52ebbbe6afcb17b4b1e94f54,[],[],https://cg.qq.com:443,https://cg.qq.com,,解读启元CG-启元六月不删档测试-斗战神-DZS-官方网站-腾讯游戏-开放式战斗2.0网游,,nginx,,text/html,GET,203.205.137.227,18981,[],200,<nil>,<nil>,false,false,false,false,false,2.003173492s,[Nginx],[],,false,,229,563
2022-02-24 17:45:30.481292 +0800 CST m=+6.399699733,,,https,443,/,bbb94aab4c90f9eefd4eebd81ed2ee153cf5b33d1b1eb0886a6ffc8512ed3d81,c684fd11d2eaf25af1da2f9f4de4ef34d64efae4b98220fc40a99bcdffc1f709,[],[],https://kg2.qq.com:443,https://kg2.qq.com,,播放,,NWS_TCloud_PX,,text/html,GET,122.224.48.223,35018,[],200,<nil>,&{[https: *.qq.com *.gtimg.cn *.tenpay.com kg.yst.aisee.tv wesingapp.com *.wesingapp.com *.idqqimg.com https://node.kg.qq.com/csp_report]},false,false,false,false,false,184.459707ms,[animate.css],[],,false,,619,12017
2022-02-24 17:45:30.719805 +0800 CST m=+6.638213118,,,http,80,/,b87c858242a566bb0a376e448c29e014e084d2debeeeec03336303365eba5345,303ff9efe039fa2809e7d14a78a9f9ad9d4fb5c982a6c80af040f2d4047a3db3,[101.91.71.19],[],http://ino.qq.com:80,ino.qq.com,,,,nginx/1.16.0,,application/octet-stream,GET,101.91.71.19,7,[],404,<nil>,<nil>,false,false,false,false,false,28.360947ms,[Nginx],[],,false,,1,2
2022-02-24 17:45:30.744533 +0800 CST m=+6.662941380,,,https,443,/,251dbd7ccf8101421f45c9156ad4cbaa1a655def286fcc80dd121624d116a5fc,41f78f2406898f5db4b460680331fa3d5d9e1ae8689bcecc75216905e042ea4e,[],[],https://huiwan.qq.com:443,https://huiwan.qq.com,,会玩|探索游戏更多乐趣,,nginx/1.10.3,,text/html,GET,119.147.4.118,4350,[],200,<nil>,<nil>,false,false,false,false,false,167.209331ms,[Nginx animate.css],[],,false,,83,662
2022-02-24 17:45:32.571396 +0800 CST m=+8.489809229,,,http,80,/,20c1ab602462b7fc0d5b4cbd555cacf127b69a07a737579598ebcbc0f5b21319,2f7701dfa358772349aabe609f1640ef45f3fb8709071657bafe3b10c572bc2b,[180.163.25.229 101.91.5.151],[ins-titw54w6.ias.tencent-cloud.net msf.sparta.mig.tencent-cloud.net msf.ias.tencent-cloud.net],http://sng.qq.com:80,sng.qq.com,https://qzs.qq.com/,302 Found,,nginx,,text/html,GET,180.163.25.229,154,[],302,<nil>,<nil>,false,false,false,false,false,35.109354ms,[Nginx],[],,false,,8,4
